DomainName,EndDate
36851.com,5/20/2020 12:00:00 PM
35246.com,5/20/2020 12:01:00 PM
xtaste.com,5/20/2020 12:01:00 PM
35085.com,5/20/2020 12:02:00 PM
xbeijing.com,5/20/2020 12:02:00 PM
32856.com,5/20/2020 12:03:00 PM
worldwidesites.com,5/20/2020 12:03:00 PM
32764.com,5/20/2020 12:04:00 PM
wgf.com,5/20/2020 12:04:00 PM
31742.com,5/20/2020 12:05:00 PM
weedyou.com,5/20/2020 12:05:00 PM
30546.com,5/20/2020 12:06:00 PM
vrgadget.com,5/20/2020 12:06:00 PM
30326.com,5/20/2020 12:07:00 PM
tokenlord.com,5/20/2020 12:07:00 PM
28907.com,5/20/2020 12:08:00 PM
threepiecesuits.com,5/20/2020 12:08:00 PM
27816.com,5/20/2020 12:09:00 PM
theyounger.com,5/20/2020 12:09:00 PM
27503.com,5/20/2020 12:10:00 PM
thepanic.com,5/20/2020 12:10:00 PM
27042.com,5/20/2020 12:11:00 PM
stemcellworld.com,5/20/2020 12:11:00 PM
26451.com,5/20/2020 12:12:00 PM
spaceorganizing.com,5/20/2020 12:12:00 PM
25879.com,5/20/2020 12:13:00 PM
24635.com,5/20/2020 12:14:00 PM
rirj.com,5/20/2020 12:14:00 PM
24105.com,5/20/2020 12:15:00 PM
resumezilla.com,5/20/2020 12:15:00 PM
24076.com,5/20/2020 12:16:00 PM
rentalpc.com,5/20/2020 12:16:00 PM
23857.com,5/20/2020 12:17:00 PM
releases.io,5/20/2020 12:17:00 PM
23676.com,5/20/2020 12:18:00 PM
printradar.com,5/20/2020 12:18:00 PM
23129.com,5/20/2020 12:19:00 PM
preparingforthefuture.com,5/20/2020 12:19:00 PM
21960.com,5/20/2020 12:20:00 PM
ourlifestory.com,5/20/2020 12:20:00 PM
21792.com,5/20/2020 12:21:00 PM
ooq.com,5/20/2020 12:21:00 PM
21634.com,5/20/2020 12:22:00 PM
onyourside.org,5/20/2020 12:22:00 PM
21243.com,5/20/2020 12:23:00 PM
occasion.com,5/20/2020 12:23:00 PM
17562.com,5/20/2020 12:24:00 PM
ninjaeffect.com,5/20/2020 12:24:00 PM
16514.com,5/20/2020 12:25:00 PM
naughty.net,5/20/2020 12:25:00 PM
16372.com,5/20/2020 12:26:00 PM
marijuanacigarette.com,5/20/2020 12:26:00 PM
15419.com,5/20/2020 12:27:00 PM
losin.com,5/20/2020 12:27:00 PM
13160.com,5/20/2020 12:28:00 PM
legalservicecenter.com,5/20/2020 12:28:00 PM
12985.com,5/20/2020 12:29:00 PM
kixiki.com,5/20/2020 12:29:00 PM
08619.com,5/20/2020 12:30:00 PM
k2energy.com,5/20/2020 12:30:00 PM
08314.com,5/20/2020 12:31:00 PM
justinvesting.com,5/20/2020 12:31:00 PM
0656.net,5/20/2020 12:32:00 PM
jacobites.com,5/20/2020 12:32:00 PM
06354.com,5/20/2020 12:33:00 PM
humanremains.com,5/20/2020 12:33:00 PM
05472.com,5/20/2020 12:34:00 PM
highriseservices.com,5/20/2020 12:34:00 PM
04930.com,5/20/2020 12:35:00 PM
gratuities.com,5/20/2020 12:35:00 PM
04915.com,5/20/2020 12:36:00 PM
gammaenergy.com,5/20/2020 12:36:00 PM
04648.com,5/20/2020 12:37:00 PM
gaminga.com,5/20/2020 12:37:00 PM
03817.com,5/20/2020 12:38:00 PM
foxdrama.com,5/20/2020 12:38:00 PM
03750.com,5/20/2020 12:39:00 PM
foodporn.org,5/20/2020 12:39:00 PM
03748.com,5/20/2020 12:40:00 PM
flatrate.org,5/20/2020 12:40:00 PM
03281.com,5/20/2020 12:41:00 PM
epicepic.com,5/20/2020 12:41:00 PM
01351.com,5/20/2020 12:42:00 PM
edibleguide.com,5/20/2020 12:42:00 PM
diskzone.com,5/20/2020 12:43:00 PM
dirtyparty.com,5/20/2020 12:44:00 PM
developbrain.com,5/20/2020 12:45:00 PM
decorationworld.com,5/20/2020 12:46:00 PM
debtloans.net,5/20/2020 12:47:00 PM
crmzone.com,5/20/2020 12:48:00 PM
constructionprices.com,5/20/2020 12:49:00 PM
coincredible.com,5/20/2020 12:50:00 PM
citations.org,5/20/2020 12:51:00 PM
casinoattorney.com,5/20/2020 12:52:00 PM
buymybooks.com,5/20/2020 12:53:00 PM
budhemp.com,5/20/2020 12:54:00 PM
britainonline.com,5/20/2020 12:55:00 PM
beba.net,5/20/2020 12:56:00 PM
assess.net,5/20/2020 12:57:00 PM
aporti.com,5/20/2020 12:58:00 PM
anthonyallen.com,5/20/2020 12:59:00 PM
99hhh.com,5/20/2020 01:00:00 PM
98tw.com,5/20/2020 01:01:00 PM
95426.com,5/20/2020 01:02:00 PM
92350.com,5/20/2020 01:03:00 PM
91225.com,5/20/2020 01:04:00 PM
90742.com,5/20/2020 01:05:00 PM
90240.com,5/20/2020 01:06:00 PM
89154.com,5/20/2020 01:07:00 PM
888206.com,5/20/2020 01:08:00 PM
87581.com,5/20/2020 01:09:00 PM
87375.com,5/20/2020 01:10:00 PM
87062.com,5/20/2020 01:11:00 PM
83641.com,5/20/2020 01:12:00 PM
80731.com,5/20/2020 01:13:00 PM
79537.com,5/20/2020 01:14:00 PM
79083.com,5/20/2020 01:15:00 PM
76073.com,5/20/2020 01:16:00 PM
75929.com,5/20/2020 01:17:00 PM
75783.com,5/20/2020 01:18:00 PM
75431.com,5/20/2020 01:19:00 PM
75134.com,5/20/2020 01:20:00 PM
75027.com,5/20/2020 01:21:00 PM
74301.com,5/20/2020 01:22:00 PM
73162.com,5/20/2020 01:23:00 PM
71956.com,5/20/2020 01:24:00 PM
70142.com,5/20/2020 01:25:00 PM
69152.com,5/20/2020 01:26:00 PM
69125.com,5/20/2020 01:27:00 PM
68107.com,5/20/2020 01:28:00 PM
67560.com,5/20/2020 01:29:00 PM
65632.com,5/20/2020 01:30:00 PM
64639.com,5/20/2020 01:31:00 PM
63780.com,5/20/2020 01:32:00 PM
62809.com,5/20/2020 01:33:00 PM
62035.com,5/20/2020 01:34:00 PM
60926.com,5/20/2020 01:35:00 PM
59647.com,5/20/2020 01:36:00 PM
59454.com,5/20/2020 01:37:00 PM
58207.com,5/20/2020 01:38:00 PM
57236.com,5/20/2020 01:39:00 PM
56435.com,5/20/2020 01:40:00 PM
54205.com,5/20/2020 01:41:00 PM
53951.com,5/20/2020 01:42:00 PM
53586.com,5/20/2020 01:43:00 PM
53504.com,5/20/2020 01:44:00 PM
53036.com,5/20/2020 01:45:00 PM
51652.com,5/20/2020 01:46:00 PM
51034.com,5/20/2020 01:47:00 PM
49437.com,5/20/2020 01:48:00 PM
49047.com,5/20/2020 01:49:00 PM
48762.com,5/20/2020 01:50:00 PM
48075.com,5/20/2020 01:51:00 PM
46941.com,5/20/2020 01:52:00 PM
46903.com,5/20/2020 01:53:00 PM
46721.com,5/20/2020 01:54:00 PM
46574.com,5/20/2020 01:55:00 PM
45306.com,5/20/2020 01:56:00 PM
39540.com,5/20/2020 01:57:00 PM
38960.com,5/20/2020 01:58:00 PM
37857.com,5/20/2020 01:59:00 PM
37854.com,5/20/2020 02:00:00 PM
45710.com,5/21/2020 12:00:00 PM
zzjuc.com,5/21/2020 12:00:00 PM
45341.com,5/21/2020 12:01:00 PM
zqki.com,5/21/2020 12:01:00 PM
43521.com,5/21/2020 12:02:00 PM
zdjyj.net,5/21/2020 12:02:00 PM
43164.com,5/21/2020 12:03:00 PM
yourpregnancy.com,5/21/2020 12:03:00 PM
42354.com,5/21/2020 12:04:00 PM
xycz.com,5/21/2020 12:04:00 PM
41502.com,5/21/2020 12:05:00 PM
xerw.com,5/21/2020 12:05:00 PM
41201.com,5/21/2020 12:06:00 PM
westmag.com,5/21/2020 12:06:00 PM
40269.com,5/21/2020 12:07:00 PM
weedgate.com,5/21/2020 12:07:00 PM
40242.com,5/21/2020 12:08:00 PM
weatherstore.com,5/21/2020 12:08:00 PM
38901.com,5/21/2020 12:09:00 PM
wa98.com,5/21/2020 12:09:00 PM
38602.com,5/21/2020 12:10:00 PM
vrdoctors.com,5/21/2020 12:10:00 PM
37364.com,5/21/2020 12:11:00 PM
voucherman.com,5/21/2020 12:11:00 PM
35824.com,5/21/2020 12:12:00 PM
votescam.com,5/21/2020 12:12:00 PM
35809.com,5/21/2020 12:13:00 PM
vkux.com,5/21/2020 12:13:00 PM
35212.com,5/21/2020 12:14:00 PM
31794.com,5/21/2020 12:15:00 PM
ufishing.com,5/21/2020 12:15:00 PM
30631.com,5/21/2020 12:16:00 PM
thehalloween.com,5/21/2020 12:16:00 PM
30216.com,5/21/2020 12:17:00 PM
tesda.com,5/21/2020 12:17:00 PM
30142.com,5/21/2020 12:18:00 PM
tejs.com,5/21/2020 12:18:00 PM
29079.com,5/21/2020 12:19:00 PM
syqx.net,5/21/2020 12:19:00 PM
28605.com,5/21/2020 12:20:00 PM
superficiality.com,5/21/2020 12:20:00 PM
28340.com,5/21/2020 12:21:00 PM
shopperpoint.com,5/21/2020 12:21:00 PM
27937.com,5/21/2020 12:22:00 PM
shangcha.com,5/21/2020 12:22:00 PM
27835.com,5/21/2020 12:23:00 PM
se51.com,5/21/2020 12:23:00 PM
26502.com,5/21/2020 12:24:00 PM
rmmk.com,5/21/2020 12:24:00 PM
26146.com,5/21/2020 12:25:00 PM
realpolice.com,5/21/2020 12:25:00 PM
25442.com,5/21/2020 12:26:00 PM
readpark.com,5/21/2020 12:26:00 PM
24270.com,5/21/2020 12:27:00 PM
papist.com,5/21/2020 12:27:00 PM
23119.com,5/21/2020 12:28:00 PM
novaclothing.com,5/21/2020 12:28:00 PM
222ai.com,5/21/2020 12:29:00 PM
notah.com,5/21/2020 12:29:00 PM
21853.com,5/21/2020 12:30:00 PM
northkoreans.com,5/21/2020 12:30:00 PM
20701.com,5/21/2020 12:31:00 PM
njiw.com,5/21/2020 12:31:00 PM
19127.com,5/21/2020 12:32:00 PM
nigeriaguide.com,5/21/2020 12:32:00 PM
19076.com,5/21/2020 12:33:00 PM
moretoken.com,5/21/2020 12:33:00 PM
17507.com,5/21/2020 12:34:00 PM
matrixfinance.com,5/21/2020 12:34:00 PM
17291.com,5/21/2020 12:35:00 PM
locallandscaper.com,5/21/2020 12:35:00 PM
17075.com,5/21/2020 12:36:00 PM
linsha.com,5/21/2020 12:36:00 PM
16406.com,5/21/2020 12:37:00 PM
legalsportbetting.com,5/21/2020 12:37:00 PM
14870.com,5/21/2020 12:38:00 PM
jetstreet.com,5/21/2020 12:38:00 PM
14082.com,5/21/2020 12:39:00 PM
itqn.com,5/21/2020 12:39:00 PM
13688.com,5/21/2020 12:40:00 PM
imageporn.com,5/21/2020 12:40:00 PM
13673.com,5/21/2020 12:41:00 PM
ihide.com,5/21/2020 12:41:00 PM
12967.com,5/21/2020 12:42:00 PM
icollateral.com,5/21/2020 12:42:00 PM
12729.com,5/21/2020 12:43:00 PM
iannual.com,5/21/2020 12:43:00 PM
12062.com,5/21/2020 12:44:00 PM
housespotting.com,5/21/2020 12:44:00 PM
09353.com,5/21/2020 12:45:00 PM
hmgq.com,5/21/2020 12:45:00 PM
09316.com,5/21/2020 12:46:00 PM
hempcom.com,5/21/2020 12:46:00 PM
08103.com,5/21/2020 12:47:00 PM
08073.com,5/21/2020 12:48:00 PM
foodg.com,5/21/2020 12:48:00 PM
07715.com,5/21/2020 12:49:00 PM
finehost.com,5/21/2020 12:49:00 PM
07503.com,5/21/2020 12:50:00 PM
factories.net,5/21/2020 12:50:00 PM
05492.com,5/21/2020 12:51:00 PM
employerhealthinsurance.com,5/21/2020 12:51:00 PM
05257.com,5/21/2020 12:52:00 PM
elacrosse.com,5/21/2020 12:52:00 PM
04852.com,5/21/2020 12:53:00 PM
egxz.com,5/21/2020 12:53:00 PM
04627.com,5/21/2020 12:54:00 PM
dolv.com,5/21/2020 12:54:00 PM
03440.com,5/21/2020 12:55:00 PM
dinance.com,5/21/2020 12:55:00 PM
02601.com,5/21/2020 12:56:00 PM
cryptowebsite.com,5/21/2020 12:56:00 PM
cpm.tv,5/21/2020 12:57:00 PM
computeco.com,5/21/2020 12:58:00 PM
coinvy.com,5/21/2020 12:59:00 PM
cashsupply.com,5/21/2020 01:00:00 PM
cannasex.com,5/21/2020 01:01:00 PM
businessfirms.com,5/21/2020 01:02:00 PM
buckpay.com,5/21/2020 01:03:00 PM
binshe.com,5/21/2020 01:04:00 PM
baseballed.com,5/21/2020 01:05:00 PM
badways.com,5/21/2020 01:06:00 PM
av93.com,5/21/2020 01:07:00 PM
alhijrah.com,5/21/2020 01:08:00 PM
afrisearch.com,5/21/2020 01:09:00 PM
98354.com,5/21/2020 01:10:00 PM
97239.com,5/21/2020 01:11:00 PM
95254.com,5/21/2020 01:12:00 PM
93620.com,5/21/2020 01:13:00 PM
93154.com,5/21/2020 01:14:00 PM
91406.com,5/21/2020 01:15:00 PM
91016.com,5/21/2020 01:16:00 PM
90701.com,5/21/2020 01:17:00 PM
86045.com,5/21/2020 01:18:00 PM
85031.com,5/21/2020 01:19:00 PM
84069.com,5/21/2020 01:20:00 PM
83se.com,5/21/2020 01:21:00 PM
82945.com,5/21/2020 01:22:00 PM
81652.com,5/21/2020 01:23:00 PM
80962.com,5/21/2020 01:24:00 PM
80256.com,5/21/2020 01:25:00 PM
79534.com,5/21/2020 01:26:00 PM
78639.com,5/21/2020 01:27:00 PM
78592.com,5/21/2020 01:28:00 PM
78465.com,5/21/2020 01:29:00 PM
77bbbb.com,5/21/2020 01:30:00 PM
76384.com,5/21/2020 01:31:00 PM
76095.com,5/21/2020 01:32:00 PM
75250.com,5/21/2020 01:33:00 PM
75137.com,5/21/2020 01:34:00 PM
73067.com,5/21/2020 01:35:00 PM
71860.com,5/21/2020 01:36:00 PM
71479.com,5/21/2020 01:37:00 PM
71363.com,5/21/2020 01:38:00 PM
68943.com,5/21/2020 01:39:00 PM
67459.com,5/21/2020 01:40:00 PM
66bbbb.com,5/21/2020 01:41:00 PM
65804.com,5/21/2020 01:42:00 PM
62910.com,5/21/2020 01:43:00 PM
62757.com,5/21/2020 01:44:00 PM
62524.com,5/21/2020 01:45:00 PM
62253.com,5/21/2020 01:46:00 PM
60seconds.net,5/21/2020 01:47:00 PM
60055.com,5/21/2020 01:48:00 PM
59276.com,5/21/2020 01:49:00 PM
58317.com,5/21/2020 01:50:00 PM
57634.com,5/21/2020 01:51:00 PM
57562.com,5/21/2020 01:52:00 PM
57481.com,5/21/2020 01:53:00 PM
57479.com,5/21/2020 01:54:00 PM
56514.com,5/21/2020 01:55:00 PM
55bbbb.com,5/21/2020 01:56:00 PM
54942.com,5/21/2020 01:57:00 PM
54940.com,5/21/2020 01:58:00 PM
53529.com,5/21/2020 01:59:00 PM
46613.com,5/21/2020 02:00:00 PM
35620.com,5/22/2020 12:00:00 PM
34295.com,5/22/2020 12:01:00 PM
32064.com,5/22/2020 12:02:00 PM
yourtesting.com,5/22/2020 12:02:00 PM
318a.com,5/22/2020 12:03:00 PM
yorkvillehomes.com,5/22/2020 12:03:00 PM
31307.com,5/22/2020 12:04:00 PM
xnuu.com,5/22/2020 12:04:00 PM
30735.com,5/22/2020 12:05:00 PM
xeuw.com,5/22/2020 12:05:00 PM
2kk2.com,5/22/2020 12:06:00 PM
wusm.com,5/22/2020 12:06:00 PM
29483.com,5/22/2020 12:07:00 PM
weddingcustoms.com,5/22/2020 12:07:00 PM
28641.com,5/22/2020 12:08:00 PM
walkthrough.net,5/22/2020 12:08:00 PM
27530.com,5/22/2020 12:09:00 PM
uploadonline.com,5/22/2020 12:09:00 PM
24934.com,5/22/2020 12:10:00 PM
twistandturn.com,5/22/2020 12:10:00 PM
24034.com,5/22/2020 12:11:00 PM
ts.com,5/22/2020 12:11:00 PM
23753.com,5/22/2020 12:12:00 PM
transplantations.com,5/22/2020 12:12:00 PM
23547.com,5/22/2020 12:13:00 PM
topspins.com,5/22/2020 12:13:00 PM
19176.com,5/22/2020 12:14:00 PM
thesurfers.com,5/22/2020 12:14:00 PM
17857.com,5/22/2020 12:15:00 PM
stockindices.com,5/22/2020 12:15:00 PM
16341.com,5/22/2020 12:16:00 PM
stockbell.com,5/22/2020 12:16:00 PM
14352.com,5/22/2020 12:17:00 PM
shortsleeved.com,5/22/2020 12:17:00 PM
14269.com,5/22/2020 12:18:00 PM
12827.com,5/22/2020 12:19:00 PM
pornhunter.com,5/22/2020 12:19:00 PM
12484.com,5/22/2020 12:20:00 PM
pixelsoft.com,5/22/2020 12:20:00 PM
12092.com,5/22/2020 12:21:00 PM
patiospeakers.com,5/22/2020 12:21:00 PM
111hx.com,5/22/2020 12:22:00 PM
partneringforsuccess.com,5/22/2020 12:22:00 PM
10943.com,5/22/2020 12:23:00 PM
nnen.com,5/22/2020 12:23:00 PM
09824.com,5/22/2020 12:24:00 PM
njom.com,5/22/2020 12:24:00 PM
09816.com,5/22/2020 12:25:00 PM
monofilament.com,5/22/2020 12:25:00 PM
09395.com,5/22/2020 12:26:00 PM
lurj.com,5/22/2020 12:26:00 PM
08551.com,5/22/2020 12:27:00 PM
livegest.com,5/22/2020 12:27:00 PM
07882.com,5/22/2020 12:28:00 PM
k5q.com,5/22/2020 12:28:00 PM
06504.com,5/22/2020 12:29:00 PM
hygienefoods.com,5/22/2020 12:29:00 PM
06072.com,5/22/2020 12:30:00 PM
05846.com,5/22/2020 12:31:00 PM
hawaiiandress.com,5/22/2020 12:31:00 PM
05741.com,5/22/2020 12:32:00 PM
haaretzdaily.com,5/22/2020 12:32:00 PM
05481.com,5/22/2020 12:33:00 PM
gotovisit.com,5/22/2020 12:33:00 PM
04356.com,5/22/2020 12:34:00 PM
footcareshop.com,5/22/2020 12:34:00 PM
03241.com,5/22/2020 12:35:00 PM
expertmonitor.com,5/22/2020 12:35:00 PM
02912.com,5/22/2020 12:36:00 PM
exclaim.net,5/22/2020 12:36:00 PM
02216.com,5/22/2020 12:37:00 PM
evaders.com,5/22/2020 12:37:00 PM
01824.com,5/22/2020 12:38:00 PM
englishcraft.com,5/22/2020 12:38:00 PM
01590.com,5/22/2020 12:39:00 PM
crazyrooms.com,5/22/2020 12:39:00 PM
01492.com,5/22/2020 12:40:00 PM
comafi.com,5/22/2020 12:40:00 PM
01435.com,5/22/2020 12:41:00 PM
codingway.com,5/22/2020 12:41:00 PM
01403.com,5/22/2020 12:42:00 PM
cfrr.com,5/22/2020 12:42:00 PM
0050000.com,5/22/2020 12:43:00 PM
battlefronts.com,5/22/2020 12:43:00 PM
9999962.com,5/22/2020 12:44:00 PM
94310.com,5/22/2020 12:45:00 PM
93704.com,5/22/2020 12:46:00 PM
93031.com,5/22/2020 12:47:00 PM
92394.com,5/22/2020 12:48:00 PM
92175.com,5/22/2020 12:49:00 PM
91614.com,5/22/2020 12:50:00 PM
91605.com,5/22/2020 12:51:00 PM
90bb.com,5/22/2020 12:52:00 PM
90847.com,5/22/2020 12:53:00 PM
89150.com,5/22/2020 12:54:00 PM
89147.com,5/22/2020 12:55:00 PM
880986.com,5/22/2020 12:56:00 PM
877r.com,5/22/2020 12:57:00 PM
84526.com,5/22/2020 12:58:00 PM
83601.com,5/22/2020 12:59:00 PM
83281.com,5/22/2020 01:00:00 PM
80ai.com,5/22/2020 01:01:00 PM
80476.com,5/22/2020 01:02:00 PM
783332.com,5/22/2020 01:03:00 PM
76191.com,5/22/2020 01:04:00 PM
76132.com,5/22/2020 01:05:00 PM
75476.com,5/22/2020 01:06:00 PM
75391.com,5/22/2020 01:07:00 PM
75295.com,5/22/2020 01:08:00 PM
74437.com,5/22/2020 01:09:00 PM
74182.com,5/22/2020 01:10:00 PM
73843.com,5/22/2020 01:11:00 PM
73027.com,5/22/2020 01:12:00 PM
72515.com,5/22/2020 01:13:00 PM
72386.com,5/22/2020 01:14:00 PM
71sese.com,5/22/2020 01:15:00 PM
71207.com,5/22/2020 01:16:00 PM
70586.com,5/22/2020 01:17:00 PM
68763.com,5/22/2020 01:18:00 PM
65645.com,5/22/2020 01:19:00 PM
65323.com,5/22/2020 01:20:00 PM
65106.com,5/22/2020 01:21:00 PM
65016.com,5/22/2020 01:22:00 PM
64873.com,5/22/2020 01:23:00 PM
64209.com,5/22/2020 01:24:00 PM
63867.com,5/22/2020 01:25:00 PM
61910.com,5/22/2020 01:26:00 PM
61340.com,5/22/2020 01:27:00 PM
59262.com,5/22/2020 01:28:00 PM
59029.com,5/22/2020 01:29:00 PM
58643.com,5/22/2020 01:30:00 PM
58379.com,5/22/2020 01:31:00 PM
57401.com,5/22/2020 01:32:00 PM
54971.com,5/22/2020 01:33:00 PM
53zz.com,5/22/2020 01:34:00 PM
53964.com,5/22/2020 01:35:00 PM
50864.com,5/22/2020 01:36:00 PM
50235.com,5/22/2020 01:37:00 PM
49764.com,5/22/2020 01:38:00 PM
49643.com,5/22/2020 01:39:00 PM
49230.com,5/22/2020 01:40:00 PM
49091.com,5/22/2020 01:41:00 PM
487770.com,5/22/2020 01:42:00 PM
48427.com,5/22/2020 01:43:00 PM
47864.com,5/22/2020 01:44:00 PM
46051.com,5/22/2020 01:45:00 PM
45271.com,5/22/2020 01:46:00 PM
45101.com,5/22/2020 01:47:00 PM
45034.com,5/22/2020 01:48:00 PM
43786.com,5/22/2020 01:49:00 PM
42103.com,5/22/2020 01:50:00 PM
41267.com,5/22/2020 01:51:00 PM
40376.com,5/22/2020 01:52:00 PM
39483.com,5/22/2020 01:53:00 PM
39182.com,5/22/2020 01:54:00 PM
38732.com,5/22/2020 01:55:00 PM
38425.com,5/22/2020 01:56:00 PM
38324.com,5/22/2020 01:57:00 PM
38014.com,5/22/2020 01:58:00 PM
373745.com,5/22/2020 01:59:00 PM
37329.com,5/22/2020 02:00:00 PM
